ID,Name,Subsystem,Lower Bound,Upper Bound,Gene Reaction Rule,1o2_u,1psII_680_u,1psI_700_u,3psII_680_u,7dhchsterol_c,adp_h,atp_h,bathorhodopsin_h,caro_u,caroExc_u,chla_u,chla1_u,chla3_u,chlda_u,cytbprd_u,cytbpox_u,apocytfcrd_u,apocytfcox_u,dvchlda_h,dvpchlda_h,fdxox_u,fdxrd_u,rieskef2s2rd_u,rieskef2s2ox_u,gdp_h,gtp_h,h_u,h_h,h2o_u,h2o_h,h2o2_h,mn2_u,nad_h,nadh_h,nadp_h,nadph_h,o2_u,o2_h,o2s_h,psII_680ox_u,psII_680_u,psII_680Deg_u,psI_700_u,psI_700ox_u,pccu1p_u,pccu2p_u,pchlda_h,phphtna_u,phphtn_rd_u,photonVis_e,pi_h,plaq9h_u,plaq9h2_u,plaq9oh_u,plaq9_u,plaq9e_u,rhodopsin_h,oec0_u,oec1_u,oec2_u,oecd2_u,oec3_u,oecd3_u,oec4_u,vitd3_c,zaxan_u,zaxanExc_u,photon265_c,photon295_c,photon325_c,photon355_c,photon385_c,photon415_c,photon445_c,photon475_c,photon505_c,photon535_c,photon565_c,photon595_c,photon625_c,photon655_c,photon685_c,photon715_c,photon745_c,photonOUT265_c,photonOUT295_c,photonOUT325_c,photonOUT355_c,photonOUT385_c,photonOUT415_c,photonOUT445_c,photonOUT475_c,photonOUT505_c,photonOUT535_c,photonOUT565_c,photonOUT595_c,photonOUT625_c,photonOUT655_c,photonOUT685_c,photonOUT715_c,photonOUT745_c
ATPSh,ATP synthase (lumen to thylakoid),Photosynthesis,0,1000,,,,,,,-3,3,,,,,,,,,,,,,,,,,,,,-14,11,,3,,,,,,,,,,,,,,,,,,,,,-3,,,,,,,,,,,,,,,,,,,,,,,,,,,,,,,,,,,,,,,,,,,,,,,,,,
BCaro1O2STTrns,Betacarotene - Oxygen Singlet triplet energy transfer,Photoacclimation And PhotoInhibition,0,1000,,-1,,,,,,,,1,-1,,,,,,,,,,,,,,,,,,,,,,,,,,,1,,,,,,,,,,,,,,,,,,,,,,,,,,,,,,,,,,,,,,,,,,,,,,,,,,,,,,,,,,,,,,,,
CAT,Catalase,Photoacclimation And PhotoInhibition,0,1000,,,,,,,,,,,,,,,,,,,,,,,,,,,,,,,2,-2,,,,,,1,,,,,,,,,,,,,,,,,,,,,,,,,,,,,,,,,,,,,,,,,,,,,,,,,,,,,,,,,,,,,,,,
ChlorSenzBcaro,Chlorophyll Desensitization by Beta-Carotene,Photosynthesis,0,1000,,,,,,,,,,1,-1,-1,,1,,,,,,,,,,,,,,,,,,,,,,,,,,,,,,,,,,,,,,,,,,,,,,,,,,,,,,,,,,,,,,,,,,,,,,,,,,,,,,,,,,,,,,,,
ChlorSenzZaxn,Chlorophyll Desensitization by Zeaxanthin,Photoacclimation And PhotoInhibition,-1000,1000,,,,,,,,,,,,-1,,1,,,,,,,,,,,,,,,,,,,,,,,,,,,,,,,,,,,,,,,,,,,,,,,,,,,,,1,-1,,,,,,,,,,,,,,,,,,,,,,,,,,,,,,,,,,
ChlorIC,Chlorophyll Intersystem crossing,Photosynthesis,0,1000,,,,,,,,,,,,,-1,1,,,,,,,,,,,,,,,,,,,,,,,,,,,,,,,,,,,,,,,,,,,,,,,,,,,,,,,,,,,,,,,,,,,,,,,,,,,,,,,,,,,,,,,,
CEFQCycle,Cyclic Photophosphorylation,Photosynthesis,0,1000,,,,,,,,,,,,,,,,-1,,,,,,1,-1,,,,,,,,,,,,,,,,,,,,,,,,,,,,,,,,,,,,,,,,,,,,,,,,,,,,,,,,,,,,,,,,,,,,,,,,,,,,,,,
QCyclCytF,"cytochrome b6/f complex (Q cycle), first proton releasing ",Photosynthesis,0,1000,,,,,,,,,,,,,,,,,,-1,,,,,,1,,,,1,,,,,,,,,,,,,,,,,,,,,,,,,,,,,,,,,,,,,,,,,,,,,,,,,,,,,,,,,,,,,,,,,,,,,,,,,,
QCyclFeS2,"cytochrome b6/f complex (Q cycle), iron–sulfur Rieske protein oxi-reduction",Photosynthesis,0,1000,,,,,,,,,,,,,,,,,,,,,,,,-1,,,,,,,,,,,,,,,,,,,,,,,,,,,,,1,-1,,,,,,,,,,,,,,,,,,,,,,,,,,,,,,,,,,,,,,,,,,,,,,,,
QCyclPlaq9h2,"cytochrome b6/f complex (Q cycle), plastoquinol regeneration",Photosynthesis,0,1000,,,,,,,,,,,,,,,,2,,,,,,,,,,,,,-2,,,,,,,,,,,,,,,,,,,,,,,,,1,,-1,,,,,,,,,,,,,,,,,,,,,,,,,,,,,,,,,,,,,,,,,,,,,,
QCyclCytBp,"cytochrome b6/f complex (Q cycle), semiplastoquinol oxidation",Photosynthesis,0,1000,,,,,,,,,,,,,,,,-1,,,,,,,,,,,,1,,,,,,,,,,,,,,,,,,,,,,,,,-1,,,1,,,,,,,,,,,,,,,,,,,,,,,,,,,,,,,,,,,,,,,,,,,,,,
CBFPC,"cytochrome b6/f complex, Plastocyanin reduction",Photosynthesis,0,1000,,,,,,,,,,,,,,,,,,1,,,,,,,,,,,,,,,,,,,,,,,,,,,,1,-1,,,,,,,,,,,,,,,,,,,,,,,,,,,,,,,,,,,,,,,,,,,,,,,,,,,,,,,
FNORh,ferredoxin---NADP+ reductase,Photosynthesis,0,1000,,,,,,,,,,,,,,,,,,,,,,2,-2,,,,,,-1,,,,,,,-1,1,,,,,,,,,,,,,,,,,,,,,,,,,,,,,,,,,,,,,,,,,,,,,,,,,,,,,,,,,,,,,,,,,
KokCycleS01,"Kok cycle (OEC, first transition)",Photosynthesis,0,1000,,,,,,,,,,,,,,,,,,,,,,,,,,,,1,,,,,,,,,,,,,-1,1,,,,,,,,,,,,,,,,,-1,1,,,,,,,,,,,,,,,,,,,,,,,,,,,,,,,,,,,,,,,,,,
KokCycleS34,"Kok cycle (OEC, fourth transition)",Photosynthesis,0,1000,,,,,,,,,,,,,,,,,,,,,,,,,,,,1,,,,,,,,,,,,,-1,1,,,,,,,,,,,,,,,,,,,,,-1,,1,,,,,,,,,,,,,,,,,,,,,,,,,,,,,,,,,,,,,
KokCycleS12,"Kok cycle (OEC, second transition, without proton release)",Photosynthesis,0,1000,,,,,,,,,,,,,,,,,,,,,,,,,,,,,,,,,,,,,,,,,-1,1,,,,,,,,,,,,,,,,,,-1,1,,,,,,,,,,,,,,,,,,,,,,,,,,,,,,,,,,,,,,,,,
KokCycleS23,"Kok cycle (OEC, third transition)",Photosynthesis,0,1000,,,,,,,,,,,,,,,,,,,,,,,,,,,,1,,,,,,,,,,,,,-1,1,,,,,,,,,,,,,,,,,,,-1,,1,,,,,,,,,,,,,,,,,,,,,,,,,,,,,,,,,,,,,,,
KokCycleS40,"Kok cycle (OEC, water photolysis)",Photosynthesis,0,1000,,,,,,,,,,,,,,,,,,,,,,,,,,,,1,,-2,,,,,,,,1,,,,,,,,,,,,,,,,,,,,,1,,,,,,-1,,,,,,,,,,,,,,,,,,,,,,,,,,,,,,,,,,,,,
LCHIIExcTrn,LHCII Exciton Transfer,Photosynthesis,0,1000,,,1,,,,,,,,,1,,-1,,,,,,,,,,,,,,,,,,,,,,,,,,,,-1,,,,,,,,,,,,,,,,,,,,,,,,,,,,,,,,,,,,,,,,,,,,,,,,,,,,,,,,,,,,
MEHLER,Mehler reaction (Pseudocyclic photophosphorylation),Photosynthesis,0,1000,,,,,,,,,,,,,,,,,,,,,,1,-1,,,,,,,,,,,,,,,,-1,1,,,,,,,,,,,,,,,,,,,,,,,,,,,,,,,,,,,,,,,,,,,,,,,,,,,,,,,,,,,,,,
NADTRHD,NAD transhydrogenase,Photosynthesis,-1000,1000,,,,,,,,,,,,,,,,,,,,,,,,,,,,,,,,,,-1,1,1,-1,,,,,,,,,,,,,,,,,,,,,,,,,,,,,,,,,,,,,,,,,,,,,,,,,,,,,,,,,,,,,,,,,
NGAM_D1u,Non-growth associated maintenance: PSII D1 protein repairing process,Photoacclimation And PhotoInhibition,0,1000,,,,,,,604,-604,,,,,,,,,,,,,,,,,,721,-721,1320,,-1323,,,-2,,,,,,,,,1,-1,,,,,,,,,1325,,,,,,,,,1,,,-1,,,,,,,,,,,,,,,,,,,,,,,,,,,,,,,,,,,,,,
NGAM_P680u,"Non-growth associated maintenance: PSII D1 protein repairing process, just for P680",Photoacclimation And PhotoInhibition,0,1000,,,,,,,604,-604,,,,,,,,,,,,,,,,,,721,-721,1321,,-1323,,,,,,,,,,,,1,-1,,,,,,,,,1325,,,,,,,,,,,,,,,,,,,,,,,,,,,,,,,,,,,,,,,,,,,,,,,,,,
PSIprimaTrns,PC - P700 Oxidoreduction,Photosynthesis,0,1000,,,,,,,,,,,,,,,,,,,,,,,,,,,,,,,,,,,,,,,,,,,,1,-1,-1,1,,,,,,,,,,,,,,,,,,,,,,,,,,,,,,,,,,,,,,,,,,,,,,,,,,,,,,,
DAMD1_OEC,Photoinhibition Donor Side (P680 and OEC Damage),Photoacclimation And PhotoInhibition,0,1000,,1,,,,,,,,,,,,,,,,,,,,,,,,,,1,,,,,1,,,,,-2,,,-1,,1,,,,,,,,,,,,,,,,,,,-1,,1,,,,,,,,,,,,,,,,,,,,,,,,,,,,,,,,,,,,,,
PSIfdxrd,Photosystem I Activation,Photosynthesis,0,1000,,,,-1,,,,,,,,,,,,,,,,,,-1,1,,,,,,,,,,,,,,,,,,,,,,1,,,,,,,,,,,,,,,,,,,,,,,,,,,,,,,,,,,,,,,,,,,,,,,,,,,,,,,,,
DAMD1_P680,Pigment 680 Damage (Protein D1 damage),Photoacclimation And PhotoInhibition,0,1000,,-1,,,,,,,,,,,,,,,,,,,,,,,,,,,,,,,,,,,,,,,,-1,1,,,,,,,,,,,,,,,,,,,,,,,,,,,,,,,,,,,,,,,,,,,,,,,,,,,,,,,,,,,
PSIIPlaq9h2,Plastoquinol formation (PSII electron transport),Photosynthesis,0,1000,,,,,,,,,,,,,,,,,,,,,,,,,,,,,-2,,,,,,,,,,,,,,,,,,,,1,-1,,,,1,,,-1,,,,,,,,,,,,,,,,,,,,,,,,,,,,,,,,,,,,,,,,,,,,,
PlaqNPQ1,Plastoquinone first quenching,Photoacclimation And PhotoInhibition,0,1000,,-1,,,,,,,,,,,,,,,,,,,,,,,,,,,,2,,,,,,,,,,,,,,,,,,,,,,,,-2,,2,,,,,,,,,,,,,,,,,,,,,,,,,,,,,,,,,,,,,,,,,,,,,,
PSIIPlaq9e,Plastoquinone first reduction,Photosynthesis,0,1000,,,,,,,,,,,,,,,,,,,,,,,,,,,,,,,,,,,,,,,,,,,,,,,,,1,-1,,,,,,-1,1,,,,,,,,,,,,,,,,,,,,,,,,,,,,,,,,,,,,,,,,,,,,,
PlaqNPQ2,Plastoquinone second quenching,Photoacclimation And PhotoInhibition,0,1000,,-1,,,,,,,,,,,,,,,,,,,,,,,,,,,-3,1,,,,,,,,,,,,,,,,,,,,,,,,,1,-1,,,,,,,,,,,,,,,,,,,,,,,,,,,,,,,,,,,,,,,,,,,,,,
PSIIprimaTrns,Primary electron transfer (PSII),Photosynthesis,0,1000,,,-1,,,,,,,,,,,,,,,,,,,,,,,,,,,,,,,,,,,,,,1,,,,,,,,-1,1,,,,,,,,,,,,,,,,,,,,,,,,,,,,,,,,,,,,,,,,,,,,,,,,,,,,
OXYG1DEGp655,Singlet oxygen degeneration,Photoacclimation And PhotoInhibition,0,50,,-2,,,,,,,,,,,,,,,,,,,,,,,,,,,,,,,,,,,,2,,,,,,,,,,,,,,,,,,,,,,,,,,,,,,,,,,,,,,,,,,,,,,,,,,,,,,,,,,,,,1,,,
SINGLETOxChlor,singlet oxygen sensitization (Chlorophyll a),Photoacclimation And PhotoInhibition,0,1000,,1,,,,,,,,,,1,,-1,,,,,,,,,,,,,,,,,,,,,,,,-1,,,,,,,,,,,,,,,,,,,,,,,,,,,,,,,,,,,,,,,,,,,,,,,,,,,,,,,,,,,,,,,,
SINGLETOxP680,singlet oxygen sensitization (P680),Photoacclimation And PhotoInhibition,0,1000,,1,,,-1,,,,,,,,,,,,,,,,,,,,,,,,,,,,,,,,,-1,,,,1,,,,,,,,,,,,,,,,,,,,,,,,,,,,,,,,,,,,,,,,,,,,,,,,,,,,,,,,,,,,
SPODM,Superoxide dismutase,Photoacclimation And PhotoInhibition,0,1000,,,,,,,,,,,,,,,,,,,,,,,,,,,,,-2,,,1,,,,,,,1,-2,,,,,,,,,,,,,,,,,,,,,,,,,,,,,,,,,,,,,,,,,,,,,,,,,,,,,,,,,,,,,,
P680TripletF,"Triplet forming state P680 (Intersystem crossing), acceptor side photoinhibition",Photoacclimation And PhotoInhibition,0,1000,,,,,1,,,,,,,,,,,,,,,,,,,,,,,,,,,,,,,,,,,,-1,,,,,,,,1,-1,,,,,,,,,,,,,,,,,,,,,,,,,,,,,,,,,,,,,,,,,,,,,,,,,,,,
NDH-1(1)u,Type II NAD(P)H dehydrogenase (plastoquinone-8 & 4 protons),Photosynthesis,0,1000,,,,,,,,,,,,,,,,,,,,,,2,-2,,,,,4,-6,,,,,,,,,,,,,,,,,,,,,,,,,1,,-1,,,,,,,,,,,,,,,,,,,,,,,,,,,,,,,,,,,,,,,,,,,,,,
VITD3Sp265,"vitamin D3 synthesis (non-enzymatic, UV-light requiring, photon265)",Biosynthesis of steroids,0,1000,,,,,,-1,,,,,,,,,,,,,,,,,,,,,,,,,,,,,,,,,,,,,,,,,,,,,,,,,,,,,,,,,,,,1,,,-4.689234,,,,,,,,,,,,,,,,,3.689234,,,,,,,,,,,,,,,,
VITD3Sp295,"vitamin D3 synthesis (non-enzymatic, UV-light requiring, photon295)",Biosynthesis of steroids,0,1000,,,,,,-1,,,,,,,,,,,,,,,,,,,,,,,,,,,,,,,,,,,,,,,,,,,,,,,,,,,,,,,,,,,,1,,,,-1,,,,,,,,,,,,,,,,,,,,,,,,,,,,,,,,
VITD3Sp325,"vitamin D3 synthesis (non-enzymatic, UV-light requiring, photon325)",Biosynthesis of steroids,0,1000,,,,,,-1,,,,,,,,,,,,,,,,,,,,,,,,,,,,,,,,,,,,,,,,,,,,,,,,,,,,,,,,,,,,1,,,,,-29.574867,,,,,,,,,,,,,,,,,28.574867,,,,,,,,,,,,,,
P700SGTp355,Pigment 700 excitation PSI (photon355),Photosynthesis,0,1000,,,,1,,,,,,,,,,,,,,,,,,,,,,,,,,,,,,,,,,,,,,,,-1,,,,,,,,,,,,,,,,,,,,,,,,,,,,-6.424863,,,,,,,,,,,,,,,,,5.424863,,,,,,,,,,,,,
P700SGTp385,Pigment 700 excitation PSI (photon385),Photosynthesis,0,1000,,,,1,,,,,,,,,,,,,,,,,,,,,,,,,,,,,,,,,,,,,,,,-1,,,,,,,,,,,,,,,,,,,,,,,,,,,,,-1.84706,,,,,,,,,,,,,,,,,0.84706,,,,,,,,,,,,
P700SGTp415,Pigment 700 excitation PSI (photon415),Photosynthesis,0,1000,,,,1,,,,,,,,,,,,,,,,,,,,,,,,,,,,,,,,,,,,,,,,-1,,,,,,,,,,,,,,,,,,,,,,,,,,,,,,-1.216632,,,,,,,,,,,,,,,,,0.216632,,,,,,,,,,,
P700SGTp445,Pigment 700 excitation PSI (photon445),Photosynthesis,0,1000,,,,1,,,,,,,,,,,,,,,,,,,,,,,,,,,,,,,,,,,,,,,,-1,,,,,,,,,,,,,,,,,,,,,,,,,,,,,,,-1,,,,,,,,,,,,,,,,,,,,,,,,,,,
P700SGTp475,Pigment 700 excitation PSI (photon475),Photosynthesis,0,1000,,,,1,,,,,,,,,,,,,,,,,,,,,,,,,,,,,,,,,,,,,,,,-1,,,,,,,,,,,,,,,,,,,,,,,,,,,,,,,,-1.48465,,,,,,,,,,,,,,,,,0.48465,,,,,,,,,
P700SGTp505,Pigment 700 excitation PSI (photon505),Photosynthesis,0,1000,,,,1,,,,,,,,,,,,,,,,,,,,,,,,,,,,,,,,,,,,,,,,-1,,,,,,,,,,,,,,,,,,,,,,,,,,,,,,,,,-4.728123,,,,,,,,,,,,,,,,,3.728123,,,,,,,,
P700SGTp535,Pigment 700 excitation PSI (photon535),Photosynthesis,0,1000,,,,1,,,,,,,,,,,,,,,,,,,,,,,,,,,,,,,,,,,,,,,,-1,,,,,,,,,,,,,,,,,,,,,,,,,,,,,,,,,,-17.166146,,,,,,,,,,,,,,,,,16.166146,,,,,,,
P700SGTp565,Pigment 700 excitation PSI (photon565),Photosynthesis,0,1000,,,,1,,,,,,,,,,,,,,,,,,,,,,,,,,,,,,,,,,,,,,,,-1,,,,,,,,,,,,,,,,,,,,,,,,,,,,,,,,,,,-14.667145,,,,,,,,,,,,,,,,,13.667145,,,,,,
P700SGTp595,Pigment 700 excitation PSI (photon595),Photosynthesis,0,1000,,,,1,,,,,,,,,,,,,,,,,,,,,,,,,,,,,,,,,,,,,,,,-1,,,,,,,,,,,,,,,,,,,,,,,,,,,,,,,,,,,,-8.73336,,,,,,,,,,,,,,,,,7.73336,,,,,
P700SGTp625,Pigment 700 excitation PSI (photon625),Photosynthesis,0,1000,,,,1,,,,,,,,,,,,,,,,,,,,,,,,,,,,,,,,,,,,,,,,-1,,,,,,,,,,,,,,,,,,,,,,,,,,,,,,,,,,,,,-5.85704,,,,,,,,,,,,,,,,,4.85704,,,,
P700SGTp655,Pigment 700 excitation PSI (photon655),Photosynthesis,0,1000,,,,1,,,,,,,,,,,,,,,,,,,,,,,,,,,,,,,,,,,,,,,,-1,,,,,,,,,,,,,,,,,,,,,,,,,,,,,,,,,,,,,,-2.715645,,,,,,,,,,,,,,,,,1.715645,,,
P700SGTp685,Pigment 700 excitation PSI (photon685),Photosynthesis,0,1000,,,,1,,,,,,,,,,,,,,,,,,,,,,,,,,,,,,,,,,,,,,,,-1,,,,,,,,,,,,,,,,,,,,,,,,,,,,,,,,,,,,,,,-3.347481,,,,,,,,,,,,,,,,,2.347481,,
P700SGTp715,Pigment 700 excitation PSI (photon715),Photosynthesis,0,1000,,,,1,,,,,,,,,,,,,,,,,,,,,,,,,,,,,,,,,,,,,,,,-1,,,,,,,,,,,,,,,,,,,,,,,,,,,,,,,,,,,,,,,,-150.089868,,,,,,,,,,,,,,,,,149.089868,
P680SGTp355,Pigment 680 excitation PSII (photon355),Photosynthesis,0,1000,,,1,,,,,,,,,,,,,,,,,,,,,,,,,,,,,,,,,,,,,,,-1,,,,,,,,,,,,,,,,,,,,,,,,,,,,,,-5.064726,,,,,,,,,,,,,,,,,4.064726,,,,,,,,,,,,,
P680SGTp385,Pigment 680 excitation PSII (photon385),Photosynthesis,0,1000,,,1,,,,,,,,,,,,,,,,,,,,,,,,,,,,,,,,,,,,,,,-1,,,,,,,,,,,,,,,,,,,,,,,,,,,,,,,-1.414892,,,,,,,,,,,,,,,,,0.414892,,,,,,,,,,,,
P680SGTp415,Pigment 680 excitation PSII (photon415),Photosynthesis,0,1000,,,1,,,,,,,,,,,,,,,,,,,,,,,,,,,,,,,,,,,,,,,-1,,,,,,,,,,,,,,,,,,,,,,,,,,,,,,,,-1.015335,,,,,,,,,,,,,,,,,0.015335,,,,,,,,,,,
P680SGTp445,Pigment 680 excitation PSII (photon445),Photosynthesis,0,1000,,,1,,,,,,,,,,,,,,,,,,,,,,,,,,,,,,,,,,,,,,,-1,,,,,,,,,,,,,,,,,,,,,,,,,,,,,,,,,-1,,,,,,,,,,,,,,,,,,,,,,,,,,,
P680SGTp475,Pigment 680 excitation PSII (photon475),Photosynthesis,0,1000,,,1,,,,,,,,,,,,,,,,,,,,,,,,,,,,,,,,,,,,,,,-1,,,,,,,,,,,,,,,,,,,,,,,,,,,,,,,,,,-1.473148,,,,,,,,,,,,,,,,,0.473148,,,,,,,,,
P680SGTp505,Pigment 680 excitation PSII (photon505),Photosynthesis,0,1000,,,1,,,,,,,,,,,,,,,,,,,,,,,,,,,,,,,,,,,,,,,-1,,,,,,,,,,,,,,,,,,,,,,,,,,,,,,,,,,,-2.927622,,,,,,,,,,,,,,,,,1.927622,,,,,,,,
P680SGTp535,Pigment 680 excitation PSII (photon535),Photosynthesis,0,1000,,,1,,,,,,,,,,,,,,,,,,,,,,,,,,,,,,,,,,,,,,,-1,,,,,,,,,,,,,,,,,,,,,,,,,,,,,,,,,,,,-9.461126,,,,,,,,,,,,,,,,,8.461126,,,,,,,
P680SGTp565,Pigment 680 excitation PSII (photon565),Photosynthesis,0,1000,,,1,,,,,,,,,,,,,,,,,,,,,,,,,,,,,,,,,,,,,,,-1,,,,,,,,,,,,,,,,,,,,,,,,,,,,,,,,,,,,,-9.828286,,,,,,,,,,,,,,,,,8.828286,,,,,,
P680SGTp595,Pigment 680 excitation PSII (photon595),Photosynthesis,0,1000,,,1,,,,,,,,,,,,,,,,,,,,,,,,,,,,,,,,,,,,,,,-1,,,,,,,,,,,,,,,,,,,,,,,,,,,,,,,,,,,,,,-6.728335,,,,,,,,,,,,,,,,,5.728335,,,,,
P680SGTp625,Pigment 680 excitation PSII (photon625),Photosynthesis,0,1000,,,1,,,,,,,,,,,,,,,,,,,,,,,,,,,,,,,,,,,,,,,-1,,,,,,,,,,,,,,,,,,,,,,,,,,,,,,,,,,,,,,,-4.962702,,,,,,,,,,,,,,,,,3.962702,,,,
P680SGTp655,Pigment 680 excitation PSII (photon655),Photosynthesis,0,1000,,,1,,,,,,,,,,,,,,,,,,,,,,,,,,,,,,,,,,,,,,,-1,,,,,,,,,,,,,,,,,,,,,,,,,,,,,,,,,,,,,,,,-2.522521,,,,,,,,,,,,,,,,,1.522521,,,
P680SGTp685,Pigment 680 excitation PSII (photon685),Photosynthesis,0,1000,,,1,,,,,,,,,,,,,,,,,,,,,,,,,,,,,,,,,,,,,,,-1,,,,,,,,,,,,,,,,,,,,,,,,,,,,,,,,,,,,,,,,,-2.22129,,,,,,,,,,,,,,,,,1.22129,,
P680SGTp715,Pigment 680 excitation PSII (photon715),Photosynthesis,0,1000,,,1,,,,,,,,,,,,,,,,,,,,,,,,,,,,,,,,,,,,,,,-1,,,,,,,,,,,,,,,,,,,,,,,,,,,,,,,,,,,,,,,,,,-48.759677,,,,,,,,,,,,,,,,,47.759677,
P680SGTp745,Pigment 680 excitation PSII (photon745),Photosynthesis,0,1000,,,1,,,,,,,,,,,,,,,,,,,,,,,,,,,,,,,,,,,,,,,-1,,,,,,,,,,,,,,,,,,,,,,,,,,,,,,,,,,,,,,,,,,,-97.039977,,,,,,,,,,,,,,,,,96.039977
LHCIIabsp355,LCHII Absorption (photon355),Light Harvesting Complex,0,1000,,,,,,,,,,,,-1,1,,,,,,,,,,,,,,,,,,,,,,,,,,,,,,,,,,,,,,,,,,,,,,,,,,,,,,,,,,,-5.064726,,,,,,,,,,,,,,,,,4.064726,,,,,,,,,,,,,
LHCIIabsp385,LCHII Absorption (photon385),Light Harvesting Complex,0,1000,,,,,,,,,,,,-1,1,,,,,,,,,,,,,,,,,,,,,,,,,,,,,,,,,,,,,,,,,,,,,,,,,,,,,,,,,,,,-1.414892,,,,,,,,,,,,,,,,,0.414892,,,,,,,,,,,,
LHCIIabsp415,LCHII Absorption (photon415),Light Harvesting Complex,0,1000,,,,,,,,,,,,-1,1,,,,,,,,,,,,,,,,,,,,,,,,,,,,,,,,,,,,,,,,,,,,,,,,,,,,,,,,,,,,,-1.015335,,,,,,,,,,,,,,,,,0.015335,,,,,,,,,,,
LHCIIabsp445,LCHII Absorption (photon445),Light Harvesting Complex,0,1000,,,,,,,,,,,,-1,1,,,,,,,,,,,,,,,,,,,,,,,,,,,,,,,,,,,,,,,,,,,,,,,,,,,,,,,,,,,,,,-1,,,,,,,,,,,,,,,,,,,,,,,,,,,
LHCIIabsp475,LCHII Absorption (photon475),Light Harvesting Complex,0,1000,,,,,,,,,,,,-1,1,,,,,,,,,,,,,,,,,,,,,,,,,,,,,,,,,,,,,,,,,,,,,,,,,,,,,,,,,,,,,,,-1.473148,,,,,,,,,,,,,,,,,0.473148,,,,,,,,,
LHCIIabsp505,LCHII Absorption (photon505),Light Harvesting Complex,0,1000,,,,,,,,,,,,-1,1,,,,,,,,,,,,,,,,,,,,,,,,,,,,,,,,,,,,,,,,,,,,,,,,,,,,,,,,,,,,,,,,-2.927622,,,,,,,,,,,,,,,,,1.927622,,,,,,,,
LHCIIabsp535,LCHII Absorption (photon535),Light Harvesting Complex,0,1000,,,,,,,,,,,,-1,1,,,,,,,,,,,,,,,,,,,,,,,,,,,,,,,,,,,,,,,,,,,,,,,,,,,,,,,,,,,,,,,,,-9.461126,,,,,,,,,,,,,,,,,8.461126,,,,,,,
LHCIIabsp565,LCHII Absorption (photon565),Light Harvesting Complex,0,1000,,,,,,,,,,,,-1,1,,,,,,,,,,,,,,,,,,,,,,,,,,,,,,,,,,,,,,,,,,,,,,,,,,,,,,,,,,,,,,,,,,-9.828286,,,,,,,,,,,,,,,,,8.828286,,,,,,
LHCIIabsp595,LCHII Absorption (photon595),Light Harvesting Complex,0,1000,,,,,,,,,,,,-1,1,,,,,,,,,,,,,,,,,,,,,,,,,,,,,,,,,,,,,,,,,,,,,,,,,,,,,,,,,,,,,,,,,,,-6.728335,,,,,,,,,,,,,,,,,5.728335,,,,,
LHCIIabsp625,LCHII Absorption (photon625),Light Harvesting Complex,0,1000,,,,,,,,,,,,-1,1,,,,,,,,,,,,,,,,,,,,,,,,,,,,,,,,,,,,,,,,,,,,,,,,,,,,,,,,,,,,,,,,,,,,-4.962702,,,,,,,,,,,,,,,,,3.962702,,,,
LHCIIabsp655,LCHII Absorption (photon655),Light Harvesting Complex,0,1000,,,,,,,,,,,,-1,1,,,,,,,,,,,,,,,,,,,,,,,,,,,,,,,,,,,,,,,,,,,,,,,,,,,,,,,,,,,,,,,,,,,,,-2.522521,,,,,,,,,,,,,,,,,1.522521,,,
LHCIIabsp685,LCHII Absorption (photon685),Light Harvesting Complex,0,1000,,,,,,,,,,,,-1,1,,,,,,,,,,,,,,,,,,,,,,,,,,,,,,,,,,,,,,,,,,,,,,,,,,,,,,,,,,,,,,,,,,,,,,-2.22129,,,,,,,,,,,,,,,,,1.22129,,
LHCIIabsp715,LCHII Absorption (photon715),Light Harvesting Complex,0,1000,,,,,,,,,,,,-1,1,,,,,,,,,,,,,,,,,,,,,,,,,,,,,,,,,,,,,,,,,,,,,,,,,,,,,,,,,,,,,,,,,,,,,,,-48.759677,,,,,,,,,,,,,,,,,47.759677,
LHCIIabsp745,LCHII Absorption (photon745),Light Harvesting Complex,0,1000,,,,,,,,,,,,-1,1,,,,,,,,,,,,,,,,,,,,,,,,,,,,,,,,,,,,,,,,,,,,,,,,,,,,,,,,,,,,,,,,,,,,,,,,-97.039977,,,,,,,,,,,,,,,,,96.039977
DVPCHLDp385,"divinylprotochlorophyllide oxidoreductase (light-dependent, 385 nm)",Porphyrin and chlorophyll metabolism,0,1000,,,,,,,,,,,,,,,,,,,,1,-1,,,,,,,,-1,,,,,,,1,-1,,,,,,,,,,,,,,,,,,,,,,,,,,,,,,,,,,,,-20.145925,,,,,,,,,,,,,,,,,19.145925,,,,,,,,,,,,
DVPCHLDp415,"divinylprotochlorophyllide oxidoreductase (light-dependent, 415 nm)",Porphyrin and chlorophyll metabolism,0,1000,,,,,,,,,,,,,,,,,,,,1,-1,,,,,,,,-1,,,,,,,1,-1,,,,,,,,,,,,,,,,,,,,,,,,,,,,,,,,,,,,,-2.486051,,,,,,,,,,,,,,,,,1.486051,,,,,,,,,,,
DVPCHLDp445,"divinylprotochlorophyllide oxidoreductase (light-dependent, 445 nm)",Porphyrin and chlorophyll metabolism,0,1000,,,,,,,,,,,,,,,,,,,,1,-1,,,,,,,,-1,,,,,,,1,-1,,,,,,,,,,,,,,,,,,,,,,,,,,,,,,,,,,,,,,-1.164281,,,,,,,,,,,,,,,,,0.164281,,,,,,,,,,
DVPCHLDp475,"divinylprotochlorophyllide oxidoreductase (light-dependent, 475 nm)",Porphyrin and chlorophyll metabolism,0,1000,,,,,,,,,,,,,,,,,,,,1,-1,,,,,,,,-1,,,,,,,1,-1,,,,,,,,,,,,,,,,,,,,,,,,,,,,,,,,,,,,,,,-2.096614,,,,,,,,,,,,,,,,,1.096614,,,,,,,,,
DVPCHLDp505,"divinylprotochlorophyllide oxidoreductase (light-dependent, 505 nm)",Porphyrin and chlorophyll metabolism,0,1000,,,,,,,,,,,,,,,,,,,,1,-1,,,,,,,,-1,,,,,,,1,-1,,,,,,,,,,,,,,,,,,,,,,,,,,,,,,,,,,,,,,,,-5.602686,,,,,,,,,,,,,,,,,4.602686,,,,,,,,
DVPCHLDp535,"divinylprotochlorophyllide oxidoreductase (light-dependent, 535 nm)",Porphyrin and chlorophyll metabolism,0,1000,,,,,,,,,,,,,,,,,,,,1,-1,,,,,,,,-1,,,,,,,1,-1,,,,,,,,,,,,,,,,,,,,,,,,,,,,,,,,,,,,,,,,,-3.866782,,,,,,,,,,,,,,,,,2.866782,,,,,,,
DVPCHLDp565,"divinylprotochlorophyllide oxidoreductase (light-dependent, 565 nm)",Porphyrin and chlorophyll metabolism,0,1000,,,,,,,,,,,,,,,,,,,,1,-1,,,,,,,,-1,,,,,,,1,-1,,,,,,,,,,,,,,,,,,,,,,,,,,,,,,,,,,,,,,,,,,-2.841563,,,,,,,,,,,,,,,,,1.841563,,,,,,
DVPCHLDp595,"divinylprotochlorophyllide oxidoreductase (light-dependent, 595 nm)",Porphyrin and chlorophyll metabolism,0,1000,,,,,,,,,,,,,,,,,,,,1,-1,,,,,,,,-1,,,,,,,1,-1,,,,,,,,,,,,,,,,,,,,,,,,,,,,,,,,,,,,,,,,,,,-2.152929,,,,,,,,,,,,,,,,,1.152929,,,,,
DVPCHLDp625,"divinylprotochlorophyllide oxidoreductase (light-dependent, 625 nm)",Porphyrin and chlorophyll metabolism,0,1000,,,,,,,,,,,,,,,,,,,,1,-1,,,,,,,,-1,,,,,,,1,-1,,,,,,,,,,,,,,,,,,,,,,,,,,,,,,,,,,,,,,,,,,,,-1.129706,,,,,,,,,,,,,,,,,0.129706,,,,
DVPCHLDp655,"divinylprotochlorophyllide oxidoreductase (light-dependent, 655 nm)",Porphyrin and chlorophyll metabolism,0,1000,,,,,,,,,,,,,,,,,,,,1,-1,,,,,,,,-1,,,,,,,1,-1,,,,,,,,,,,,,,,,,,,,,,,,,,,,,,,,,,,,,,,,,,,,,-1,,,,,,,,,,,,,,,,,,,,
DVPCHLDp685,"divinylprotochlorophyllide oxidoreductase (light-dependent, 685 nm)",Porphyrin and chlorophyll metabolism,0,1000,,,,,,,,,,,,,,,,,,,,1,-1,,,,,,,,-1,,,,,,,1,-1,,,,,,,,,,,,,,,,,,,,,,,,,,,,,,,,,,,,,,,,,,,,,,-3.894834,,,,,,,,,,,,,,,,,2.894834,,
DVPCHLDp715,"divinylprotochlorophyllide oxidoreductase (light-dependent, 715 nm)",Porphyrin and chlorophyll metabolism,0,1000,,,,,,,,,,,,,,,,,,,,1,-1,,,,,,,,-1,,,,,,,1,-1,,,,,,,,,,,,,,,,,,,,,,,,,,,,,,,,,,,,,,,,,,,,,,,-11.01006,,,,,,,,,,,,,,,,,10.01006,
PCHLDp385,"protochlorophyllide oxidoreductase (light-dependent, 385 nm)",Porphyrin and chlorophyll metabolism,0,1000,,,,,,,,,,,,,,,1,,,,,,,,,,,,,,-1,,,,,,,1,-1,,,,,,,,,,,-1,,,,,,,,,,,,,,,,,,,,,,,,,-20.145925,,,,,,,,,,,,,,,,,19.145925,,,,,,,,,,,,
PCHLDp415,"protochlorophyllide oxidoreductase (light-dependent, 415 nm)",Porphyrin and chlorophyll metabolism,0,1000,,,,,,,,,,,,,,,1,,,,,,,,,,,,,,-1,,,,,,,1,-1,,,,,,,,,,,-1,,,,,,,,,,,,,,,,,,,,,,,,,,-2.486051,,,,,,,,,,,,,,,,,1.486051,,,,,,,,,,,
PCHLDp445,"protochlorophyllide oxidoreductase (light-dependent, 445 nm)",Porphyrin and chlorophyll metabolism,0,1000,,,,,,,,,,,,,,,1,,,,,,,,,,,,,,-1,,,,,,,1,-1,,,,,,,,,,,-1,,,,,,,,,,,,,,,,,,,,,,,,,,,-1.164281,,,,,,,,,,,,,,,,,0.164281,,,,,,,,,,
PCHLDp475,"protochlorophyllide oxidoreductase (light-dependent, 475 nm)",Porphyrin and chlorophyll metabolism,0,1000,,,,,,,,,,,,,,,1,,,,,,,,,,,,,,-1,,,,,,,1,-1,,,,,,,,,,,-1,,,,,,,,,,,,,,,,,,,,,,,,,,,,-2.096614,,,,,,,,,,,,,,,,,1.096614,,,,,,,,,
PCHLDp505,"protochlorophyllide oxidoreductase (light-dependent, 505 nm)",Porphyrin and chlorophyll metabolism,0,1000,,,,,,,,,,,,,,,1,,,,,,,,,,,,,,-1,,,,,,,1,-1,,,,,,,,,,,-1,,,,,,,,,,,,,,,,,,,,,,,,,,,,,-5.602686,,,,,,,,,,,,,,,,,4.602686,,,,,,,,
PCHLDp535,"protochlorophyllide oxidoreductase (light-dependent, 535 nm)",Porphyrin and chlorophyll metabolism,0,1000,,,,,,,,,,,,,,,1,,,,,,,,,,,,,,-1,,,,,,,1,-1,,,,,,,,,,,-1,,,,,,,,,,,,,,,,,,,,,,,,,,,,,,-3.866782,,,,,,,,,,,,,,,,,2.866782,,,,,,,
PCHLDp565,"protochlorophyllide oxidoreductase (light-dependent, 565 nm)",Porphyrin and chlorophyll metabolism,0,1000,,,,,,,,,,,,,,,1,,,,,,,,,,,,,,-1,,,,,,,1,-1,,,,,,,,,,,-1,,,,,,,,,,,,,,,,,,,,,,,,,,,,,,,-2.841563,,,,,,,,,,,,,,,,,1.841563,,,,,,
PCHLDp595,"protochlorophyllide oxidoreductase (light-dependent, 595 nm)",Porphyrin and chlorophyll metabolism,0,1000,,,,,,,,,,,,,,,1,,,,,,,,,,,,,,-1,,,,,,,1,-1,,,,,,,,,,,-1,,,,,,,,,,,,,,,,,,,,,,,,,,,,,,,,-2.152929,,,,,,,,,,,,,,,,,1.152929,,,,,
PCHLDp625,"protochlorophyllide oxidoreductase (light-dependent, 625 nm)",Porphyrin and chlorophyll metabolism,0,1000,,,,,,,,,,,,,,,1,,,,,,,,,,,,,,-1,,,,,,,1,-1,,,,,,,,,,,-1,,,,,,,,,,,,,,,,,,,,,,,,,,,,,,,,,-1.129706,,,,,,,,,,,,,,,,,0.129706,,,,
PCHLDp655,"protochlorophyllide oxidoreductase (light-dependent, 655 nm)",Porphyrin and chlorophyll metabolism,0,1000,,,,,,,,,,,,,,,1,,,,,,,,,,,,,,-1,,,,,,,1,-1,,,,,,,,,,,-1,,,,,,,,,,,,,,,,,,,,,,,,,,,,,,,,,,-1,,,,,,,,,,,,,,,,,,,,
PCHLDp685,"protochlorophyllide oxidoreductase (light-dependent, 685 nm)",Porphyrin and chlorophyll metabolism,0,1000,,,,,,,,,,,,,,,1,,,,,,,,,,,,,,-1,,,,,,,1,-1,,,,,,,,,,,-1,,,,,,,,,,,,,,,,,,,,,,,,,,,,,,,,,,,-3.894834,,,,,,,,,,,,,,,,,2.894834,,
PCHLDp715,"protochlorophyllide oxidoreductase (light-dependent, 715 nm)",Porphyrin and chlorophyll metabolism,0,1000,,,,,,,,,,,,,,,1,,,,,,,,,,,,,,-1,,,,,,,1,-1,,,,,,,,,,,-1,,,,,,,,,,,,,,,,,,,,,,,,,,,,,,,,,,,,-11.01006,,,,,,,,,,,,,,,,,10.01006,
RHODOPSINIp415,"rhodopsin photoisomerase (spontaneous, light-requiring, 415 nm)",Retinol metabolism,0,1000,,,,,,,,,1,,,,,,,,,,,,,,,,,,,,,,,,,,,,,,,,,,,,,,,,,,,,,,,,,-1,,,,,,,,,,,,,,,,-81.6917344,,,,,,,,,,,,,,,,,80.0917344,,,,,,,,,,,
RHODOPSINIp445,"rhodopsin photoisomerase (spontaneous, light-requiring, 445 nm)",Retinol metabolism,0,1000,,,,,,,,,1,,,,,,,,,,,,,,,,,,,,,,,,,,,,,,,,,,,,,,,,,,,,,,,,,-1,,,,,,,,,,,,,,,,,-7.8775904,,,,,,,,,,,,,,,,,6.2775904,,,,,,,,,,
RHODOPSINIp475,"rhodopsin photoisomerase (spontaneous, light-requiring, 475 nm)",Retinol metabolism,0,1000,,,,,,,,,1,,,,,,,,,,,,,,,,,,,,,,,,,,,,,,,,,,,,,,,,,,,,,,,,,-1,,,,,,,,,,,,,,,,,,-2.5715376,,,,,,,,,,,,,,,,,0.9715376,,,,,,,,,
RHODOPSINIp505,"rhodopsin photoisomerase (spontaneous, light-requiring, 505 nm)",Retinol metabolism,0,1000,,,,,,,,,1,,,,,,,,,,,,,,,,,,,,,,,,,,,,,,,,,,,,,,,,,,,,,,,,,-1,,,,,,,,,,,,,,,,,,,-1.6,,,,,,,,,,,,,,,,,,,,,,,,,
RHODOPSINIp535,"rhodopsin photoisomerase (spontaneous, light-requiring, 535 nm)",Retinol metabolism,0,1000,,,,,,,,,1,,,,,,,,,,,,,,,,,,,,,,,,,,,,,,,,,,,,,,,,,,,,,,,,,-1,,,,,,,,,,,,,,,,,,,,-3.5113184,,,,,,,,,,,,,,,,,1.9113184,,,,,,,
RHODOPSINIp565,"rhodopsin photoisomerase (spontaneous, light-requiring, 565 nm)",Retinol metabolism,0,1000,,,,,,,,,1,,,,,,,,,,,,,,,,,,,,,,,,,,,,,,,,,,,,,,,,,,,,,,,,,-1,,,,,,,,,,,,,,,,,,,,,-19.0814064,,,,,,,,,,,,,,,,,17.4814064,,,,,,
BCAROSingletp385,Betacarotene light absorption (photon 385 nm),Photosynthesis,0,1000,,,,,,,,,,-1,1,,,,,,,,,,,,,,,,,,,,,,,,,,,,,,,,,,,,,,,,,,,,,,,,,,,,,,,,,,,,,,-2.664555,,,,,,,,,,,,,,,,,1.664555,,,,,,,,,,,,
BCAROSingletp415,Betacarotene light absorption (photon 415 nm),Light Harvesting Complex,0,1000,,,,,,,,,,-1,1,,,,,,,,,,,,,,,,,,,,,,,,,,,,,,,,,,,,,,,,,,,,,,,,,,,,,,,,,,,,,,,-1.019228,,,,,,,,,,,,,,,,,0.019228,,,,,,,,,,,
BCAROSingletp445,Betacarotene light absorption (photon 445 nm),Light Harvesting Complex,0,1000,,,,,,,,,,-1,1,,,,,,,,,,,,,,,,,,,,,,,,,,,,,,,,,,,,,,,,,,,,,,,,,,,,,,,,,,,,,,,,-1,,,,,,,,,,,,,,,,,,,,,,,,,,,
BCAROSingletp475,Betacarotene light absorption (photon 475 nm),Light Harvesting Complex,0,1000,,,,,,,,,,-1,1,,,,,,,,,,,,,,,,,,,,,,,,,,,,,,,,,,,,,,,,,,,,,,,,,,,,,,,,,,,,,,,,,-1.108382,,,,,,,,,,,,,,,,,0.108382,,,,,,,,,
BCAROSingletp505,Betacarotene light absorption (photon 505 nm),Light Harvesting Complex,0,1000,,,,,,,,,,-1,1,,,,,,,,,,,,,,,,,,,,,,,,,,,,,,,,,,,,,,,,,,,,,,,,,,,,,,,,,,,,,,,,,,-1.265722,,,,,,,,,,,,,,,,,0.265722,,,,,,,,
BCAROSingletp535,Betacarotene light absorption (photon 535 nm),Light Harvesting Complex,0,1000,,,,,,,,,,-1,1,,,,,,,,,,,,,,,,,,,,,,,,,,,,,,,,,,,,,,,,,,,,,,,,,,,,,,,,,,,,,,,,,,,-1.400919,,,,,,,,,,,,,,,,,0.400919,,,,,,,
BCAROSingletp565,Betacarotene light absorption (photon 565 nm),Light Harvesting Complex,0,1000,,,,,,,,,,-1,1,,,,,,,,,,,,,,,,,,,,,,,,,,,,,,,,,,,,,,,,,,,,,,,,,,,,,,,,,,,,,,,,,,,,-1.395611,,,,,,,,,,,,,,,,,0.395611,,,,,,
BCAROSingletp595,Betacarotene light absorption (photon 595 nm),Light Harvesting Complex,0,1000,,,,,,,,,,-1,1,,,,,,,,,,,,,,,,,,,,,,,,,,,,,,,,,,,,,,,,,,,,,,,,,,,,,,,,,,,,,,,,,,,,,-1.326882,,,,,,,,,,,,,,,,,0.326882,,,,,
BCAROSingletp625,Betacarotene light absorption (photon 625 nm),Light Harvesting Complex,0,1000,,,,,,,,,,-1,1,,,,,,,,,,,,,,,,,,,,,,,,,,,,,,,,,,,,,,,,,,,,,,,,,,,,,,,,,,,,,,,,,,,,,,-1.226208,,,,,,,,,,,,,,,,,0.226208,,,,
BCAROSingletp655,Betacarotene light absorption (photon 655 nm),Light Harvesting Complex,0,1000,,,,,,,,,,-1,1,,,,,,,,,,,,,,,,,,,,,,,,,,,,,,,,,,,,,,,,,,,,,,,,,,,,,,,,,,,,,,,,,,,,,,,-1.285591,,,,,,,,,,,,,,,,,0.285591,,,
BCAROSingletp685,Betacarotene light absorption (photon 685 nm),Light Harvesting Complex,0,1000,,,,,,,,,,-1,1,,,,,,,,,,,,,,,,,,,,,,,,,,,,,,,,,,,,,,,,,,,,,,,,,,,,,,,,,,,,,,,,,,,,,,,,-1.311067,,,,,,,,,,,,,,,,,0.311067,,
BCAROSingletp715,Betacarotene light absorption (photon 715 nm),Light Harvesting Complex,0,1000,,,,,,,,,,-1,1,,,,,,,,,,,,,,,,,,,,,,,,,,,,,,,,,,,,,,,,,,,,,,,,,,,,,,,,,,,,,,,,,,,,,,,,,-7.505618,,,,,,,,,,,,,,,,,6.505618,
ZEAXExcp385,Zeaxanthin light absorption (photon 385 nm),Light Harvesting Complex,0,1000,,,,,,,,,,,,,,,,,,,,,,,,,,,,,,,,,,,,,,,,,,,,,,,,,,,,,,,,,,,,,,,,,,,-1,1,,,,,-9.918204,,,,,,,,,,,,,,,,,8.918204,,,,,,,,,,,,
ZEAXExcp415,Zeaxanthin light absorption (photon 415 nm),Light Harvesting Complex,0,1000,,,,,,,,,,,,,,,,,,,,,,,,,,,,,,,,,,,,,,,,,,,,,,,,,,,,,,,,,,,,,,,,,,,-1,1,,,,,,-2.356105,,,,,,,,,,,,,,,,,1.356105,,,,,,,,,,,
ZEAXExcp445,Zeaxanthin light absorption (photon 445 nm),Light Harvesting Complex,0,1000,,,,,,,,,,,,,,,,,,,,,,,,,,,,,,,,,,,,,,,,,,,,,,,,,,,,,,,,,,,,,,,,,,,-1,1,,,,,,,-1.141971,,,,,,,,,,,,,,,,,0.141971,,,,,,,,,,
ZEAXExcp475,Zeaxanthin light absorption (photon 475 nm),Light Harvesting Complex,0,1000,,,,,,,,,,,,,,,,,,,,,,,,,,,,,,,,,,,,,,,,,,,,,,,,,,,,,,,,,,,,,,,,,,,-1,1,,,,,,,,-1,,,,,,,,,,,,,,,,,,,,,,,,,,
ZEAXExcp505,Zeaxanthin light absorption (photon 505 nm),Light Harvesting Complex,0,1000,,,,,,,,,,,,,,,,,,,,,,,,,,,,,,,,,,,,,,,,,,,,,,,,,,,,,,,,,,,,,,,,,,,-1,1,,,,,,,,,-1.621248,,,,,,,,,,,,,,,,,0.621248,,,,,,,,
ZEAXExcp535,Zeaxanthin light absorption (photon 535 nm),Light Harvesting Complex,0,1000,,,,,,,,,,,,,,,,,,,,,,,,,,,,,,,,,,,,,,,,,,,,,,,,,,,,,,,,,,,,,,,,,,,-1,1,,,,,,,,,,-25.887228,,,,,,,,,,,,,,,,,24.887228,,,,,,,
ZEAXExcp565,Zeaxanthin light absorption (photon 565 nm),Light Harvesting Complex,0,1000,,,,,,,,,,,,,,,,,,,,,,,,,,,,,,,,,,,,,,,,,,,,,,,,,,,,,,,,,,,,,,,,,,,-1,1,,,,,,,,,,,-309.085851,,,,,,,,,,,,,,,,,308.085851,,,,,,
DEXZEAX,Zeaxanthin de-excitation (Photochemical Quenching),Photoacclimation And PhotoInhibition,0,1000,,,,,,,,,,,,,,,,,,,,,,,,,,,,,,,,,,,,,,,,,,,,,,,,,,,,,,,,,,,,,,,,,,,1,-1,,,,,,,,,,,,,,,,,,,,,,,,,0.041018367,0.108942268,0.137430351,0.14172986,0.131161399,0.115748018,0.101245015,0.08652569,0.073266609,0.062932424
PRISM_solar_litho,spectral decomposition of solar light measured from Earth's surface,Spectral decomposition,646.06656,646.06656,,,,,,,,,,,,,,,,,,,,,,,,,,,,,,,,,,,,,,,,,,,,,,,,,,,-1,,,,,,,,,,,,,,,,,,0.000059,0.005656,0.012363,0.017857,0.022499,0.041042,0.051459,0.062454,0.067298,0.074427,0.081602,0.087673,0.090866,0.092985,0.096292,0.097518,0.09795,,,,,,,,,,,,,,,,,
PRISM_white_LED,spectral decomposition of white LED,Spectral decomposition,4.59151,4.59151,,,,,,,,,,,,,,,,,,,,,,,,,,,,,,,,,,,,,,,,,,,,,,,,,,,-1,,,,,,,,,,,,,,,,,,,0.000415,0.000643,0.000412,0.000251,0.000595,0.009167,0.049127,0.073036,0.130505,0.173717,0.175911,0.150148,0.108133,0.067773,0.038971,0.021196,,,,,,,,,,,,,,,,,
OECLghtDMGp265,OEC Light InducedDamage (photon 265 nm),Photoacclimation And PhotoInhibition,0,1000,,,,,,,,,,,,,,,,,,,,,,,,,,,,,,,,,1,,,,,,,,,,,,,,,,,,,,,,,,,,,,-1,1,,,,,,,-1,,,,,,,,,,,,,,,,,,,,,,,,,,,,,,,,,
OECLghtDMGp295,OEC Light InducedDamage (photon 295 nm),Photoacclimation And PhotoInhibition,0,1000,,,,,,,,,,,,,,,,,,,,,,,,,,,,,,,,,1,,,,,,,,,,,,,,,,,,,,,,,,,,,,-1,1,,,,,,,,-1.287912,,,,,,,,,,,,,,,,,0.287912,,,,,,,,,,,,,,,
OECLghtDMGp325,OEC Light InducedDamage (photon 325 nm),Photoacclimation And PhotoInhibition,0,1000,,,,,,,,,,,,,,,,,,,,,,,,,,,,,,,,,1,,,,,,,,,,,,,,,,,,,,,,,,,,,,-1,1,,,,,,,,,-1.918391,,,,,,,,,,,,,,,,,0.918391,,,,,,,,,,,,,,
OECLghtDMGp355,OEC Light InducedDamage (photon 355 nm),Photoacclimation And PhotoInhibition,0,1000,,,,,,,,,,,,,,,,,,,,,,,,,,,,,,,,,1,,,,,,,,,,,,,,,,,,,,,,,,,,,,-1,1,,,,,,,,,,-3.9794,,,,,,,,,,,,,,,,,2.9794,,,,,,,,,,,,,
OECLghtDMGp385,OEC Light InducedDamage (photon 385 nm),Photoacclimation And PhotoInhibition,0,1000,,,,,,,,,,,,,,,,,,,,,,,,,,,,,,,,,1,,,,,,,,,,,,,,,,,,,,,,,,,,,,-1,1,,,,,,,,,,,-6.978556,,,,,,,,,,,,,,,,,5.978556,,,,,,,,,,,,
OECLghtDMGp415,OEC Light InducedDamage (photon 415 nm),Photoacclimation And PhotoInhibition,0,1000,,,,,,,,,,,,,,,,,,,,,,,,,,,,,,,,,1,,,,,,,,,,,,,,,,,,,,,,,,,,,,-1,1,,,,,,,,,,,,-14.31201,,,,,,,,,,,,,,,,,13.31201,,,,,,,,,,,
OECLghtDMGp445,OEC Light InducedDamage (photon 445 nm),Photoacclimation And PhotoInhibition,0,1000,,,,,,,,,,,,,,,,,,,,,,,,,,,,,,,,,1,,,,,,,,,,,,,,,,,,,,,,,,,,,,-1,1,,,,,,,,,,,,,-26.133006,,,,,,,,,,,,,,,,,25.133006,,,,,,,,,,
OECLghtDMGp475,OEC Light InducedDamage (photon 475 nm),Photoacclimation And PhotoInhibition,0,1000,,,,,,,,,,,,,,,,,,,,,,,,,,,,,,,,,1,,,,,,,,,,,,,,,,,,,,,,,,,,,,-1,1,,,,,,,,,,,,,,-28.709233,,,,,,,,,,,,,,,,,27.709233,,,,,,,,,
OECLghtDMGp505,OEC Light InducedDamage (photon 505 nm),Photoacclimation And PhotoInhibition,0,1000,,,,,,,,,,,,,,,,,,,,,,,,,,,,,,,,,1,,,,,,,,,,,,,,,,,,,,,,,,,,,,-1,1,,,,,,,,,,,,,,,-27.586986,,,,,,,,,,,,,,,,,26.586986,,,,,,,,
OECLghtDMGp535,OEC Light InducedDamage (photon 535 nm),Photoacclimation And PhotoInhibition,0,1000,,,,,,,,,,,,,,,,,,,,,,,,,,,,,,,,,1,,,,,,,,,,,,,,,,,,,,,,,,,,,,-1,1,,,,,,,,,,,,,,,,-32.316184,,,,,,,,,,,,,,,,,31.316184,,,,,,,
OECLghtDMGp565,OEC Light InducedDamage (photon 565 nm),Photoacclimation And PhotoInhibition,0,1000,,,,,,,,,,,,,,,,,,,,,,,,,,,,,,,,,1,,,,,,,,,,,,,,,,,,,,,,,,,,,,-1,1,,,,,,,,,,,,,,,,,-36.086232,,,,,,,,,,,,,,,,,35.086232,,,,,,
OECLghtDMGp595,OEC Light InducedDamage (photon 595 nm),Photoacclimation And PhotoInhibition,0,1000,,,,,,,,,,,,,,,,,,,,,,,,,,,,,,,,,1,,,,,,,,,,,,,,,,,,,,,,,,,,,,-1,1,,,,,,,,,,,,,,,,,,-41.309239,,,,,,,,,,,,,,,,,40.309239,,,,,
OECLghtDMGp625,OEC Light InducedDamage (photon 625 nm),Photoacclimation And PhotoInhibition,0,1000,,,,,,,,,,,,,,,,,,,,,,,,,,,,,,,,,1,,,,,,,,,,,,,,,,,,,,,,,,,,,,-1,1,,,,,,,,,,,,,,,,,,,-53.443861,,,,,,,,,,,,,,,,,52.443861,,,,
OECLghtDMGp655,OEC Light InducedDamage (photon 655 nm),Photoacclimation And PhotoInhibition,0,1000,,,,,,,,,,,,,,,,,,,,,,,,,,,,,,,,,1,,,,,,,,,,,,,,,,,,,,,,,,,,,,-1,1,,,,,,,,,,,,,,,,,,,,-55.065442,,,,,,,,,,,,,,,,,54.065442,,,
OECLghtDMGp685,OEC Light InducedDamage (photon 685 nm),Photoacclimation And PhotoInhibition,0,1000,,,,,,,,,,,,,,,,,,,,,,,,,,,,,,,,,1,,,,,,,,,,,,,,,,,,,,,,,,,,,,-1,1,,,,,,,,,,,,,,,,,,,,,-57.767012,,,,,,,,,,,,,,,,,56.767012,,
OECLghtDMGp715,OEC Light InducedDamage (photon 715 nm),Photoacclimation And PhotoInhibition,0,1000,,,,,,,,,,,,,,,,,,,,,,,,,,,,,,,,,1,,,,,,,,,,,,,,,,,,,,,,,,,,,,-1,1,,,,,,,,,,,,,,,,,,,,,,-341.910158,,,,,,,,,,,,,,,,,340.910158,
DM_OUTphoton265,Light demand - OUT  (photon 265 nm),Photosynthesis,0,1000,,,,,,,,,,,,,,,,,,,,,,,,,,,,,,,,,,,,,,,,,,,,,,,,,,,,,,,,,,,,,,,,,,,,,,,,,,,,,,,,,,,,,,-1,,,,,,,,,,,,,,,,
DM_OUTphoton295,Light demand - OUT  (photon 295 nm),Photosynthesis,0,1000,,,,,,,,,,,,,,,,,,,,,,,,,,,,,,,,,,,,,,,,,,,,,,,,,,,,,,,,,,,,,,,,,,,,,,,,,,,,,,,,,,,,,,,-1,,,,,,,,,,,,,,,
DM_OUTphoton325,Light demand - OUT  (photon 325 nm),Photosynthesis,0,1000,,,,,,,,,,,,,,,,,,,,,,,,,,,,,,,,,,,,,,,,,,,,,,,,,,,,,,,,,,,,,,,,,,,,,,,,,,,,,,,,,,,,,,,,-1,,,,,,,,,,,,,,
DM_OUTphoton355,Light demand - OUT  (photon 355 nm),Photosynthesis,0,1000,,,,,,,,,,,,,,,,,,,,,,,,,,,,,,,,,,,,,,,,,,,,,,,,,,,,,,,,,,,,,,,,,,,,,,,,,,,,,,,,,,,,,,,,,-1,,,,,,,,,,,,,
DM_OUTphoton385,Light demand - OUT  (photon 385 nm),Photosynthesis,0,1000,,,,,,,,,,,,,,,,,,,,,,,,,,,,,,,,,,,,,,,,,,,,,,,,,,,,,,,,,,,,,,,,,,,,,,,,,,,,,,,,,,,,,,,,,,-1,,,,,,,,,,,,
DM_OUTphoton415,Light demand - OUT  (photon 415 nm),Photosynthesis,0,1000,,,,,,,,,,,,,,,,,,,,,,,,,,,,,,,,,,,,,,,,,,,,,,,,,,,,,,,,,,,,,,,,,,,,,,,,,,,,,,,,,,,,,,,,,,,-1,,,,,,,,,,,
DM_OUTphoton445,Light demand - OUT  (photon 445 nm),Photosynthesis,0,1000,,,,,,,,,,,,,,,,,,,,,,,,,,,,,,,,,,,,,,,,,,,,,,,,,,,,,,,,,,,,,,,,,,,,,,,,,,,,,,,,,,,,,,,,,,,,-1,,,,,,,,,,
DM_OUTphoton475,Light demand - OUT  (photon 475 nm),Photosynthesis,0,1000,,,,,,,,,,,,,,,,,,,,,,,,,,,,,,,,,,,,,,,,,,,,,,,,,,,,,,,,,,,,,,,,,,,,,,,,,,,,,,,,,,,,,,,,,,,,,-1,,,,,,,,,
DM_OUTphoton505,Light demand - OUT  (photon 505 nm),Photosynthesis,0,1000,,,,,,,,,,,,,,,,,,,,,,,,,,,,,,,,,,,,,,,,,,,,,,,,,,,,,,,,,,,,,,,,,,,,,,,,,,,,,,,,,,,,,,,,,,,,,,-1,,,,,,,,
DM_OUTphoton535,Light demand - OUT  (photon 535 nm),Photosynthesis,0,1000,,,,,,,,,,,,,,,,,,,,,,,,,,,,,,,,,,,,,,,,,,,,,,,,,,,,,,,,,,,,,,,,,,,,,,,,,,,,,,,,,,,,,,,,,,,,,,,-1,,,,,,,
DM_OUTphoton565,Light demand - OUT  (photon 565 nm),Photosynthesis,0,1000,,,,,,,,,,,,,,,,,,,,,,,,,,,,,,,,,,,,,,,,,,,,,,,,,,,,,,,,,,,,,,,,,,,,,,,,,,,,,,,,,,,,,,,,,,,,,,,,-1,,,,,,
DM_OUTphoton595,Light demand - OUT  (photon 595 nm),Photosynthesis,0,1000,,,,,,,,,,,,,,,,,,,,,,,,,,,,,,,,,,,,,,,,,,,,,,,,,,,,,,,,,,,,,,,,,,,,,,,,,,,,,,,,,,,,,,,,,,,,,,,,,-1,,,,,
DM_OUTphoton625,Light demand - OUT  (photon 625 nm),Photosynthesis,0,1000,,,,,,,,,,,,,,,,,,,,,,,,,,,,,,,,,,,,,,,,,,,,,,,,,,,,,,,,,,,,,,,,,,,,,,,,,,,,,,,,,,,,,,,,,,,,,,,,,,-1,,,,
DM_OUTphoton655,Light demand - OUT  (photon 655 nm),Photosynthesis,0,1000,,,,,,,,,,,,,,,,,,,,,,,,,,,,,,,,,,,,,,,,,,,,,,,,,,,,,,,,,,,,,,,,,,,,,,,,,,,,,,,,,,,,,,,,,,,,,,,,,,,-1,,,
DM_OUTphoton685,Light demand - OUT  (photon 685 nm),Photosynthesis,0,1000,,,,,,,,,,,,,,,,,,,,,,,,,,,,,,,,,,,,,,,,,,,,,,,,,,,,,,,,,,,,,,,,,,,,,,,,,,,,,,,,,,,,,,,,,,,,,,,,,,,,-1,,
DM_OUTphoton715,Light demand - OUT  (photon 715 nm),Photosynthesis,0,1000,,,,,,,,,,,,,,,,,,,,,,,,,,,,,,,,,,,,,,,,,,,,,,,,,,,,,,,,,,,,,,,,,,,,,,,,,,,,,,,,,,,,,,,,,,,,,,,,,,,,,-1,
DM_OUTphoton745,Light demand - OUT  (photon 745 nm),Photosynthesis,0,1000,,,,,,,,,,,,,,,,,,,,,,,,,,,,,,,,,,,,,,,,,,,,,,,,,,,,,,,,,,,,,,,,,,,,,,,,,,,,,,,,,,,,,,,,,,,,,,,,,,,,,,-1
